{"tick_list": [11.0, 12.0, 13.0, 14.0, 16.0, 17.0, 18.0, 19.0, 21.0, 22.0, 23.0, 24.0, 26.0, 27.0, 28.0, 29.0, 31.0, 32.0, 33.0, 34.0, 36.0, 37.0, 38.0, 39.0, 41.0, 42.0, 43.0, 44.0, 46.0, 47.0, 48.0, 49.0, 51.0, 52.0, 53.0, 54.0, 56.0, 57.0, 58.0, 59.0, 61.0, 62.0, 63.0, 64.0, 66.0, 67.0, 68.0, 69.0, 71.0, 72.0, 73.0, 74.0, 76.0, 77.0, 78.0, 79.0, 81.0, 82.0, 83.0, 84.0, 86.0, 87.0, 88.0, 89.0, 91.0, 92.0, 93.0, 94.0, 96.0, 97.0, 98.0, 99.0],
 "move_to": [[14.997411546686921, 14.833362417078424], [14.997440630432012, 14.666724834156847], [14.997469714177102, 14.50008725123527], [14.997498797922193, 14.333449668313694], [14.997556965412373, 14.000174502470543], [14.997586049157466, 13.833536919548967], [14.997615132902554, 13.666899336627392], [14.997644216647647, 13.500261753705818], [14.99770238413783, 13.166986587862667], [14.997731467882918, 13.00034900494109], [14.99776055162801, 12.833711422019512], [14.997789635373099, 12.667073839097936], [14.997847802863282, 12.333798673254783], [14.997876886608372, 12.16716109033321], [14.997905970353463, 12.000523507411634], [14.997935054098555, 11.833885924490058], [14.997993221588736, 11.500610758646905], [14.998022305333825, 11.333973175725331], [14.998051389078917, 11.167335592803754], [14.998080472824007, 11.000698009882178], [14.998138640314192, 10.667422844039026], [14.99816772405928, 10.50078526111745], [14.998196807804373, 10.334147678195876], [14.998225891549462, 10.1675100952743], [14.998284059039642, 9.834234929431146], [14.998313142784735, 9.667597346509572], [14.998342226529825, 9.500959763587996], [14.998371310274917, 9.33432218066642], [14.998429477765098, 9.001047014823268], [14.998458561510187, 8.834409431901692], [14.99848764525528, 8.667771848980117], [14.99851672900037, 8.501134266058543], [14.99857489649055, 8.167859100215388], [14.998603980235643, 8.001221517293812], [14.998633063980732, 7.8345839343722385], [14.998662147725824, 7.66794635145066], [14.998720315216005, 7.334671185607509], [14.998749398961095, 7.168033602685934], [14.998778482706188, 7.001396019764359], [14.998807566451276, 6.834758436842781], [14.99886573394146, 6.501483270999631], [14.99889481768655, 6.334845688078055], [14.998923901431642, 6.168208105156477], [14.99895298517673, 6.0015705222349025], [14.999011152666913, 5.668295356391752], [14.999040236412005, 5.501657773470176], [14.999069320157094, 5.335020190548598], [14.999098403902186, 5.168382607627023], [14.999156571392367, 4.835107441783873], [14.999185655137458, 4.668469858862294], [14.99921473888255, 4.501832275940719], [14.999243822627639, 4.335194693019144], [14.99930199011782, 4.00191952717599], [14.999331073862912, 3.835281944254415], [14.999360157608, 3.66864436133284], [14.999389241353093, 3.502006778411265], [14.999447408843276, 3.1687316125681106], [14.999476492588364, 3.002094029646536], [14.999505576333457, 2.8354564467249603], [14.999534660078545, 2.6688188638033856], [14.99959282756873, 2.335543697960232], [14.999621911313819, 2.168906115038657], [14.99965099505891, 2.002268532117082], [14.999680078804001, 1.8356309491955063], [14.999738246294182, 1.5023557833523529], [14.999767330039274, 1.335718200430778], [14.999796413784363, 1.1690806175092026], [14.999825497529455, 1.0024430345876245], [14.999883665019638, 0.6691678687444742], [14.999912748764727, 0.5025302858228988], [14.999941832509819, 0.33589270290132345], [14.999970916254908, 0.16925511997974577]],
 "line_to": [[15.122411544782992, 14.833384234103242], [15.122440628528313, 14.666746649849165], [15.122469712273173, 14.500109068259855], [15.122498796018379, 14.333471484672145], [15.122556963508444, 14.00019631949536], [15.122586047253536, 13.833558736573552], [15.122615130998625, 13.666921153651977], [15.122644214743717, 13.500283570730403], [15.12270238223413, 13.167008403554751], [15.122731465978989, 13.000370821965674], [15.122760549724081, 12.833733239044097], [15.12278963346917, 12.667095656122637], [15.122847800959583, 12.333820488947334], [15.122876884704443, 12.167182907357795], [15.122905968449533, 12.000545324436219], [15.122935052194741, 11.83390774084851], [15.122993219684806, 11.500632575671723], [15.123022303429895, 11.333994992749917], [15.123051387174987, 11.16735740982834], [15.12308047091996, 11.000719827573013], [15.123138638410493, 10.667444659731576], [15.123167722155351, 10.500807078142268], [15.123196805900674, 10.334169493887961], [15.123225889645648, 10.167531911632752], [15.123284057135713, 9.834256746456196], [15.123313140880805, 9.667619163534157], [15.123342224626127, 9.500981579280081], [15.123371308371103, 9.334343997024872], [15.123429475861169, 9.001068831848318], [15.123458559606258, 8.834431248926277], [15.12348764335135, 8.667793666004934], [15.123516727096556, 8.501156082416877], [15.123574894586621, 8.167880917239973], [15.123603978331944, 8.00124333298613], [15.123633062076802, 7.834605751396824], [15.12366214582201, 7.667968167809228], [15.123720313312075, 7.334693002632211], [15.123749397057397, 7.168055418378019], [15.123778480802489, 7.00141783545656], [15.12380756454723, 6.834780254533849], [15.123865732037762, 6.5015050866915995], [15.12389481578262, 6.334867505102756], [15.12392389952771, 6.168229922181528], [15.123952983272801, 6.00159233925972], [15.124011150763215, 5.668317172083721], [15.124040234508307, 5.501679589162377], [15.124069318253165, 5.3350420075735325], [15.124098401998372, 5.168404423985648], [15.124156569488438, 4.835129258808342], [15.12418565323376, 4.668491674554728], [15.124214736978852, 4.501854091632804], [15.124243820723825, 4.3352165093775366], [15.12430198821389, 4.0019413442010405], [15.124331071958983, 3.835303761279058], [15.124360155704071, 3.6686661783574834], [15.124389239449163, 3.5020285954359083], [15.124447406939577, 3.168753428260661], [15.124476490684435, 3.0021158466711793], [15.124505574429527, 2.8354782637496037], [15.124534658174499, 2.6688406814942787], [15.1245928256648, 2.335565514985224], [15.124621909409889, 2.1689279320633004], [15.124650993154981, 2.002290349141667], [15.124680076900187, 1.8356527655538994], [15.124738244390253, 1.502377600376996], [15.124767328135345, 1.335740017455421], [15.124796411880434, 1.1691024345338457], [15.124825495625526, 1.0024648516124421], [15.12488366311594, 0.6691896844366173], [15.124912746860797, 0.502552102847542], [15.12494183060612, 0.33591451859346655], [15.124970914350978, 0.16927693700469781]]}